,inter_arrival_time,service_time,arrival_time,start_time,end_time,waiting_time
0,3.621780831931537,4.490808570098726,3.621780831931537,3.621780831931537,8.112589402030263,0.0
1,7.655000144869414,3.680481831720602,11.27678097680095,11.27678097680095,14.957262808521552,0.0
2,6.123957592679836,2.547638081431639,17.400738569480787,17.400738569480787,19.948376650912426,0.0
3,5.190609389379256,5.068975098534743,22.59134795886004,22.59134795886004,27.660323057394784,0.0
4,2.0921304830970557,4.4236558627693965,24.683478441957096,27.660323057394784,32.08397892016418,2.976844615437688
5,2.0919616423534184,1.8130846967244565,26.775440084310514,32.08397892016418,33.89706361688864,5.308538835853664
6,1.4065852851773961,5.554635922469212,28.18202536948791,33.89706361688864,39.45169953935785,5.715038247400727
7,7.063233020424546,5.112686214615845,35.24525838991246,39.45169953935785,44.564385753973696,4.206441149445389
8,5.207805082202461,5.74899956645962,40.45306347211492,44.564385753973696,50.31338532043331,4.111322281858776
9,5.956508044572319,4.6285975419418,46.40957151668724,50.31338532043331,54.94198286237511,3.9038138037460755
10,1.1440914600706171,4.0670759796789495,47.553662976757856,54.94198286237511,59.00905884205406,7.388319885617257
11,7.78936896513396,3.0912151814530944,55.343031941891816,59.00905884205406,62.100274023507154,3.666026900162244
12,6.827098485602952,5.663642416770067,62.17013042749477,62.17013042749477,67.83377284426484,0.0
13,2.486373774747933,5.330319447502042,64.6565042022427,67.83377284426484,73.16409229176688,3.177268642022142
14,2.272774770449704,1.226093350530947,66.9292789726924,73.16409229176688,74.39018564229782,6.234813319074476
15,2.283831568974037,1.1318348724862601,69.21311054166644,74.39018564229782,75.52202051478409,5.177075100631384
16,3.129695700716764,2.882316834390248,72.3428062423832,75.52202051478409,78.40433734917434,3.179214272400884
17,4.673295021425664,5.052766653909164,77.01610126380886,78.40433734917434,83.4571040030835,1.3882360853654774
18,4.023615130494811,5.936380646574722,81.03971639430367,83.4571040030835,89.39348464965822,2.4173876087798334
19,3.0386039813862933,1.752084455517641,84.07832037568996,89.39348464965822,91.14556910517587,5.315164273968264
20,5.282970263056656,3.9706535767606757,89.36129063874661,91.14556910517587,95.11622268193655,1.7842784664292566
21,1.9764570245642927,2.9044542831551077,91.3377476633109,95.11622268193655,98.02067696509165,3.7784750186256417
22,3.0450125397465273,5.8495719890730165,94.38276020305743,98.02067696509165,103.87024895416467,3.637916762034223
23,3.564532903055842,5.210594615678543,97.94729310611328,103.87024895416467,109.08084356984321,5.922955848051387
24,4.192489889519251,5.1916435235556895,102.13978299563253,109.08084356984321,114.2724870933989,6.941060574210681
25,6.496231729751095,3.3434657989748513,108.63601472538363,114.2724870933989,117.61595289237374,5.636472368015262
26,2.3977164751085183,3.074097511688326,111.03373120049216,117.61595289237374,120.69005040406206,6.5822216918815855
27,4.599641068895281,2.3670353596535314,115.63337226938744,120.69005040406206,123.05708576371559,5.056678134674627
28,5.146901982034297,1.2818774832546356,120.78027425142173,123.05708576371559,124.33896324697022,2.276811512293861
29,1.325152889039984,5.323611881275266,122.10542714046171,124.33896324697022,129.6625751282455,2.2335361065085095
30,5.252813963310069,5.064505045650388,127.35824110377179,129.6625751282455,134.72708017389587,2.304334024473704
31,2.193668865811041,5.998588366430653,129.55190996958282,134.72708017389587,140.72566854032652,5.175170204313048
32,1.4553611508969566,5.983184185369527,131.00727112047977,140.72566854032652,146.70885272569606,9.718397419846752
33,7.642198760773333,3.7771585280131372,138.6494698812531,146.70885272569606,150.4860112537092,8.05938284444295
34,7.7594242315219155,4.8449370759025525,146.40889411277502,150.4860112537092,155.33094832961174,4.0771171409341775
35,6.658781436815228,5.72382864941214,153.06767554959023,155.33094832961174,161.05477697902387,2.2632727800215093
36,3.132296384213595,5.248236953387058,156.19997193380382,161.05477697902387,166.30301393241092,4.854805045220047
37,1.683704798044687,2.236740508715988,157.8836767318485,166.30301393241092,168.53975444112692,8.41933720056241
38,5.789631185585098,3.2527206765504677,163.67330791743362,168.53975444112692,171.79247511767738,4.866446523693298
39,4.081067456177209,1.645797075757475,167.75437537361083,171.79247511767738,173.43827219343487,4.038099744066557
40,1.8542676439134518,5.770255136293612,169.6086430175243,173.43827219343487,179.20852732972847,3.8296291759105827
41,4.466238370778891,4.030873172254401,174.07488138830317,179.20852732972847,183.23940050198286,5.1336459414253
42,1.2407196478065288,2.1432140275173137,175.31560103610968,183.23940050198286,185.38261452950016,7.923799465873174
43,7.365242814551475,4.358503422029283,182.68084385066115,185.38261452950016,189.74111795152945,2.7017706788390115
44,2.8114598712001184,4.090641202289479,185.49230372186128,189.74111795152945,193.83175915381892,4.24881422966817
45,5.637655990477874,2.7908135901642024,191.12995971233914,193.83175915381892,196.6225727439831,2.7017994414797784
46,3.1819775326258766,1.567787960998145,194.311937244965,196.6225727439831,198.19036070498126,2.3106354990181046
47,4.640476148244676,4.357865977963998,198.9524133932097,198.9524133932097,203.3102793711737,0.0
48,4.826971955402957,3.6015385045189667,203.77938534861266,203.77938534861266,207.38092385313163,0.0
49,2.293981188678689,4.861591958678197,206.07336653729135,207.38092385313163,212.24251581180982,1.3075573158402847
50,7.78709239435191,3.600817505559967,213.86045893164325,213.86045893164325,217.46127643720322,0.0
51,6.425929763527802,5.2609075015927,220.28638869517104,220.28638869517104,225.54729619676374,0.0
52,7.576492590949324,3.759534193872428,227.86288128612037,227.86288128612037,231.6224154799928,0.0
53,7.263791452993542,3.8046898576769315,235.1266727391139,235.1266727391139,238.93136259679082,0.0
54,5.185299851677596,5.383268013291725,240.3119725907915,240.3119725907915,245.6952406040832,0.0
55,7.453119645161818,3.0174143310619854,247.76509223595332,247.76509223595332,250.7825065670153,0.0
56,1.6194475143634364,1.6700761422532038,249.38453975031675,250.7825065670153,252.4525827092685,1.3979668166985562
57,2.3718800369340163,1.1439133815666949,251.75641978725076,252.4525827092685,253.59649609083522,0.6961629220177485
58,1.3165910223737665,4.775686278368095,253.07301080962452,253.59649609083522,258.3721823692033,0.5234852812106965
59,3.2773123153428503,4.1015477567673235,256.35032312496736,258.3721823692033,262.47373012597063,2.021859244235941
60,3.720741027826374,4.520398840496117,260.0710641527937,262.47373012597063,266.99412896646675,2.4026659731769087
61,2.8994432224172715,2.0648208075445535,262.970507375211,266.99412896646675,269.0589497740113,4.023621591255733
62,6.801162564063505,1.6818573779338488,269.77166993927455,269.77166993927455,271.4535273172084,0.0
63,3.497273286855125,1.0727233283394098,273.2689432261297,273.2689432261297,274.3416665544691,0.0
64,2.9665415678116656,2.752937794032985,276.23548479394134,276.23548479394134,278.9884225879743,0.0
65,4.798872582107739,3.9495884342731653,281.03435737604906,281.03435737604906,284.9839458103222,0.0
66,1.9864695748233385,2.9612202254986615,283.0208269508724,284.9839458103222,287.9451660358209,1.9631188594498212
67,6.615378865278277,3.1873746101186455,289.63620581615066,289.63620581615066,292.8235804262693,0.0
68,1.5218545057583959,5.520793472468742,291.15806032190903,292.8235804262693,298.34437389873807,1.6655201043602688
69,7.908208556203621,2.741277335116502,299.0662688781127,299.0662688781127,301.80754621322916,0.0
70,6.405713385076602,3.569947445799054,305.47198226318926,305.47198226318926,309.04192970898833,0.0
71,2.391009770739207,4.918265063705715,307.8629920339285,309.04192970898833,313.960194772694,1.1789376750598421
72,1.0386548198652168,2.982713911606351,308.9016468537937,313.960194772694,316.9429086843004,5.058547918900331
73,6.708229999183839,4.110433501139367,315.60987685297755,316.9429086843004,321.05334218543976,1.3330318313228418
74,5.94800140693332,5.311818543733726,321.55787825991086,321.55787825991086,326.8696968036446,0.0
75,6.103050176286911,5.747603118288211,327.66092843619776,327.66092843619776,333.408531554486,0.0
76,6.39889242680162,1.7353674046451897,334.0598208629994,334.0598208629994,335.7951882676446,0.0
77,1.5183125621386324,5.632938125807472,335.57813342513805,335.7951882676446,341.4281263934521,0.21705484250657037
78,3.509260099809908,3.460581465397691,339.08739352494797,341.4281263934521,344.8887078588498,2.3407328685041193
79,1.811083416675908,2.2912219414947916,340.89847694162387,344.8887078588498,347.17992980034455,3.990230917225915
80,7.041723981129155,3.2956787811913064,347.94020092275304,347.94020092275304,351.23587970394436,0.0
81,5.363086887792905,5.900162876427386,353.30328781054595,353.30328781054595,359.2034506869733,0.0
82,3.3162861739685443,3.463090469964348,356.6195739845145,359.2034506869733,362.6665411569377,2.583876702458838
83,1.4449084520021653,2.643758051437541,358.06448243651664,362.6665411569377,365.3102992083752,4.6020587204210415
84,3.1768762520096354,4.167004271583629,361.2413586885263,365.3102992083752,369.47730347995883,4.068940519848923
85,3.2762832541872293,2.2007280938909655,364.5176419427135,369.47730347995883,371.6780315738498,4.959661537245324
86,6.107243248366449,1.3793166405433195,370.62488519107995,371.6780315738498,373.05734821439313,1.053146382769853
87,5.462902299486492,1.6443986095532461,376.0877874905664,376.0877874905664,377.7321861001197,0.0
88,7.210489198034286,1.640229194788862,383.2982766886007,383.2982766886007,384.93850588338955,0.0
89,4.305504476133645,1.7595134675614719,387.60378116473436,387.60378116473436,389.36329463229583,0.0
90,1.837159721568112,1.6941358632470507,389.4409408863025,389.4409408863025,391.1350767495495,0.0
91,5.992713510560965,4.204373724016073,395.43365439686346,395.43365439686346,399.63802812087954,0.0
92,6.325495340318282,1.9094004219957241,401.75914973718176,401.75914973718176,403.66855015917747,0.0
93,4.9289403829864735,2.728336416619316,406.6880901201682,406.6880901201682,409.4164265367875,0.0
94,6.396770259681927,5.483942049530059,413.08486037985017,413.08486037985017,418.56880242938024,0.0
95,4.456569174550735,3.3698082013143615,417.5414295544009,418.56880242938024,421.9386106306946,1.027372874979335
96,4.659129805673958,4.337788692605136,422.20055936007486,422.20055936007486,426.53834805268,0.0
97,3.9927871285098475,1.8615993560081492,426.1933464885847,426.53834805268,428.39994740868815,0.34500156409529836
98,1.1779338872086664,1.9614450940433539,427.3712803757934,428.39994740868815,430.3613925027315,1.0286670328947594
99,1.7552399889531312,1.2043430813323943,429.1265203647465,430.3613925027315,431.56573558406393,1.2348721379850076
100,1.2200042998071399,1.8446753153608229,430.34652466455367,431.56573558406393,433.41041089942473,1.2192109195102603
101,5.454872878846463,2.392951695159793,435.8013975434001,435.8013975434001,438.19434923855994,0.0
102,3.2004918675342866,1.885052421383734,439.00188941093444,439.00188941093444,440.8869418323182,0.0
103,4.559994838152919,1.443512668785278,443.56188424908737,443.56188424908737,445.00539691787264,0.0
104,7.352965317482651,1.603179355503004,450.91484956657,450.91484956657,452.51802892207303,0.0
105,2.7450456040421245,3.303893840163629,453.6598951706121,453.6598951706121,456.96378901077577,0.0
106,3.8726804612494083,2.0316685920289625,457.5325756318615,457.5325756318615,459.56424422389046,0.0
107,6.288857969801341,2.8213493052403775,463.8214336016628,463.8214336016628,466.6427829069032,0.0
108,2.6015871584413572,3.5170863542742845,466.4230207601042,466.6427829069032,470.1598692611775,0.2197621467990416
109,1.538859368801551,4.451974143146827,467.9618801289057,470.1598692611775,474.6118434043243,2.1979891322718004
110,3.028260170396376,1.1965606992054947,470.9901402993021,474.6118434043243,475.8084041035298,3.6217031050222204
111,2.128549010778031,4.997051994545213,473.11868931008013,475.8084041035298,480.805456098075,2.6897147934496957
112,7.507883566398012,4.139501947454539,480.6265728764781,480.805456098075,484.9449580455296,0.17888322159689096
113,6.656842656950919,1.4087951597443595,487.28341553342904,487.28341553342904,488.6922106931734,0.0
114,5.433826295572964,5.3678931205338865,492.717241829002,492.717241829002,498.08513494953587,0.0
115,7.1002241313140235,5.604362002659066,499.817465960316,499.817465960316,505.42182796297504,0.0
116,6.625704538293801,1.3053897992743186,506.4431704986098,506.4431704986098,507.7485602978841,0.0
117,2.305990412202251,2.3843882407360186,508.74916091081207,508.74916091081207,511.1335491515481,0.0
118,7.247912989429844,5.031006398965307,515.997073900242,515.997073900242,521.0280802992073,0.0
119,4.775395693409555,4.741298451918292,520.7724695936515,521.0280802992073,525.7693787511256,0.2556107055557959
120,6.652081086148438,1.9226050967818866,527.4245506798,527.4245506798,529.3471557765819,0.0
121,7.2726390994644525,2.0467466166835515,534.6971897792644,534.6971897792644,536.7439363959479,0.0
122,3.2260243248030473,2.85236051395691,537.9232141040674,537.9232141040674,540.7755746180243,0.0
123,1.7703634716937373,3.4226149259551066,539.6935775757611,540.7755746180243,544.1981895439794,1.0819970422631968
124,2.595546137793592,4.09127385765148,542.2891237135547,544.1981895439794,548.2894634016309,1.9090658304247654
125,3.9897545203837943,2.844568197848862,546.2788782339385,548.2894634016309,551.1340315994797,2.0105851676923976
126,6.726103361457452,3.3126735806657397,553.004981595396,553.004981595396,556.3176551760617,0.0
127,7.0251140827944045,4.7373546906687825,560.0300956781904,560.0300956781904,564.7674503688592,0.0
128,1.0486649137183348,1.1834160144529895,561.0787605919087,564.7674503688592,565.9508663833121,3.6886897769504685
129,4.57523111804296,2.2621847217201037,565.6539917099517,565.9508663833121,568.2130511050323,0.2968746733604348
130,3.921877022041453,4.566747929422762,569.5758687319932,569.5758687319932,574.1426166614159,0.0
131,2.5547546732951116,5.476034188435997,572.1306234052882,574.1426166614159,579.6186508498519,2.011993256127653
132,1.8390575713357795,3.5583872105783305,573.969680976624,579.6186508498519,583.1770380604302,5.648969873227884
133,3.363306199825396,3.6605674263265784,577.3329871764494,583.1770380604302,586.8376054867567,5.844050883980799
134,7.600367927387634,1.5358600566988803,584.933355103837,586.8376054867567,588.3734655434556,1.904250382919713
135,3.262420524145287,3.237061834117273,588.1957756279824,588.3734655434556,591.6105273775729,0.17768991547325186
136,4.631534352203563,3.6630863322751157,592.8273099801859,592.8273099801859,596.490396312461,0.0
137,5.921132712266245,2.212352518173648,598.7484426924522,598.7484426924522,600.9607952106259,0.0
138,3.545407216655058,2.3462161547469047,602.2938499091072,602.2938499091072,604.6400660638541,0.0
139,7.8024745790467245,2.8864208155231132,610.0963244881539,610.0963244881539,612.982745303677,0.0
140,7.737131064594779,1.1003559888886318,617.8334555527487,617.8334555527487,618.9338115416373,0.0
141,2.762476070777549,2.6103958279158914,620.5959316235262,620.5959316235262,623.2063274514421,0.0
142,4.480739541246698,2.057240034982723,625.076671164773,625.076671164773,627.1339111997556,0.0
143,3.1061481687173877,2.637486760889573,628.1828193334903,628.1828193334903,630.8203060943799,0.0
144,2.993883460642273,1.598810659096256,631.1767027941326,631.1767027941326,632.7755134532288,0.0
145,1.2582086314817296,5.452636403699475,632.4349114256142,632.7755134532288,638.2281498569282,0.34060202761452274
146,5.266950337859278,3.9679622677702433,637.7018617634735,638.2281498569282,642.1961121246984,0.5262880934546956
147,4.51875316260203,4.395511595722448,642.2206149260755,642.2206149260755,646.616126521798,0.0
148,1.3603512587499256,4.9458561930366916,643.5809661848255,646.616126521798,651.5619827148347,3.035160336972581
149,2.95052524965628,3.492210994645286,646.5314914344817,651.5619827148347,655.0541937094799,5.030491280352976
150,7.357861201766576,1.4346014404371186,653.8893526362483,655.0541937094799,656.488795149917,1.1648410732316279
151,2.676933234668807,3.685532709092739,656.5662858709171,656.5662858709171,660.2518185800099,0.0
152,2.0142641046385616,3.9342055901043955,658.5805499755556,660.2518185800099,664.1860241701143,1.6712686044542124
153,4.426169321942941,4.72719737092165,663.0067192974985,664.1860241701143,668.9132215410359,1.1793048726157167
154,7.899553178774205,3.158297731148397,670.9062724762728,670.9062724762728,674.0645702074212,0.0
155,2.694386900580503,1.6379015139778188,673.6006593768533,674.0645702074212,675.702471721399,0.4639108305678974
156,5.70494883184115,2.4188795289936222,679.3056082086945,679.3056082086945,681.7244877376882,0.0
157,6.331337307301023,2.8154114819931753,685.6369455159955,685.6369455159955,688.4523569979887,0.0
158,2.6634628079467975,4.229586206658006,688.3004083239423,688.4523569979887,692.6819432046467,0.15194867404636625
159,6.0975144402830175,3.8538915233445596,694.3979227642253,694.3979227642253,698.2518142875699,0.0
160,3.5744819290347727,2.7804836294892312,697.97240469326,698.2518142875699,701.0322979170592,0.2794095943098682
161,5.4261408141550564,5.932576243964898,703.3985455074151,703.3985455074151,709.33112175138,0.0
162,5.434707975326263,4.028874096784436,708.8332534827414,709.33112175138,713.3599958481644,0.49786826863862643
163,4.750422788523309,2.1861339586799726,713.5836762712647,713.5836762712647,715.7698102299447,0.0
164,1.6320283903808581,1.5089123631020187,715.2157046616455,715.7698102299447,717.2787225930467,0.5541055682991782
165,6.847117469124666,1.76429569592166,722.0628221307702,722.0628221307702,723.8271178266918,0.0
166,3.245460454802151,2.2297886419225406,725.3082825855723,725.3082825855723,727.5380712274949,0.0
167,2.3056295727989795,1.8034068662977782,727.6139121583714,727.6139121583714,729.4173190246692,0.0
168,1.2854259908833474,1.9328351202565288,728.8993381492547,729.4173190246692,731.3501541449257,0.5179808754144233
169,5.136250602317693,2.4254758434692354,734.0355887515724,734.0355887515724,736.4610645950416,0.0
170,5.742950532895977,1.8668679764737741,739.7785392844684,739.7785392844684,741.6454072609422,0.0
171,1.1161148024949932,5.483827123132126,740.8946540869633,741.6454072609422,747.1292343840743,0.7507531739788647
172,4.584651408094967,1.401168728308211,745.4793054950583,747.1292343840743,748.5304031123825,1.649928889015996
173,2.585470426385566,3.6225569478512734,748.0647759214438,748.5304031123825,752.1529600602338,0.465627190938676
174,5.516209532866149,3.0519841349483077,753.5809854543099,753.5809854543099,756.6329695892582,0.0
175,2.22056500303494,5.911893084543032,755.8015504573449,756.6329695892582,762.5448626738013,0.8314191319133215
176,5.836564166717261,1.5601945108402617,761.6381146240622,762.5448626738013,764.1050571846415,0.9067480497391216
177,3.707147424103762,2.9892779952287083,765.3452620481659,765.3452620481659,768.3345400433946,0.0
178,7.557109921157141,5.847352166376845,772.902371969323,772.902371969323,778.7497241356998,0.0
179,1.9626466090219528,5.327535629469901,774.8650185783449,778.7497241356998,784.0772597651697,3.8847055573548914
180,3.3874644573518093,5.0853603547464,778.2524830356967,784.0772597651697,789.1626201199161,5.824776729473001
181,1.7943146486841235,2.289514135224699,780.0467976843809,789.1626201199161,791.4521342551409,9.115822435535279
182,7.472855327949939,1.8544379369503292,787.5196530123308,791.4521342551409,793.3065721920913,3.932481242810127
183,7.1413754736668675,4.343216099622155,794.6610284859976,794.6610284859976,799.0042445856197,0.0
184,2.8055913940060893,5.646879945637929,797.4666198800037,799.0042445856197,804.6511245312577,1.5376247056160537
185,5.6198883222392535,3.783814465069649,803.086508202243,804.6511245312577,808.4349389963273,1.5646163290147115
186,6.720555401408511,3.8580634473494992,809.8070636036515,809.8070636036515,813.665127051001,0.0
187,4.886405681196236,2.3998954683014206,814.6934692848478,814.6934692848478,817.0933647531492,0.0
188,4.707554048492046,4.847464665959684,819.4010233333398,819.4010233333398,824.2484879992995,0.0
189,2.6929660363031616,1.9352187427876169,822.0939893696429,824.2484879992995,826.1837067420871,2.1544986296565867
190,1.6517193746412944,2.6183961820212183,823.7457087442842,826.1837067420871,828.8021029241083,2.4379979978028814
191,7.280510305673287,3.127182193082084,831.0262190499575,831.0262190499575,834.1534012430395,0.0
192,7.302926400143313,3.538051893422275,838.3291454501008,838.3291454501008,841.867197343523,0.0
193,5.4317102009128755,2.212048662075401,843.7608556510137,843.7608556510137,845.9729043130891,0.0
194,3.3732085373409046,1.5741841236960177,847.1340641883546,847.1340641883546,848.7082483120506,0.0
195,3.4444670222886264,4.053100212208163,850.5785312106433,850.5785312106433,854.6316314228515,0.0
196,6.081689752091676,2.443152766201279,856.6602209627349,856.6602209627349,859.1033737289362,0.0
197,7.279771819668039,3.9061911071130613,863.9399927824029,863.9399927824029,867.8461838895159,0.0
198,7.209604969855821,1.7718135763710117,871.1495977522587,871.1495977522587,872.9214113286297,0.0
199,6.459128821003367,3.4057005092740873,877.6087265732621,877.6087265732621,881.0144270825361,0.0
200,5.494221523080014,3.6629471627579293,883.1029480963421,883.1029480963421,886.7658952591,0.0
201,1.588979754965342,1.2591176841121345,884.6919278513074,886.7658952591,888.0250129432121,2.0739674077926793
202,2.131400998662296,2.683021390969603,886.8233288499697,888.0250129432121,890.7080343341818,1.2016840932424202
203,7.289879319689555,1.6720733846948712,894.1132081696593,894.1132081696593,895.7852815543541,0.0
204,5.24500341761713,1.3168748523638387,899.3582115872764,899.3582115872764,900.6750864396403,0.0
205,1.0643793613164076,5.949801161949726,900.4225909485928,900.6750864396403,906.62488760159,0.2524954910475117
206,1.7103008000622246,2.6117692248736146,902.132891748655,906.62488760159,909.2366568264636,4.49199585293502
207,5.644512383756391,5.049372229273175,907.7774041324113,909.2366568264636,914.2860290557368,1.4592526940522248
208,1.0354310869235308,2.2732032738188193,908.8128352193348,914.2860290557368,916.5592323295556,5.473193836401947
209,2.1256563599224907,4.407513611119646,910.9384915792573,916.5592323295556,920.9667459406752,5.620740750298296
210,4.841136525566103,4.801139299448433,915.7796281048234,920.9667459406752,925.7678852401236,5.187117835851836
211,5.843266383848853,3.9781937030392216,921.6228944886722,925.7678852401236,929.7460789431628,4.144990751451473
212,5.5637288165182035,3.357880942750792,927.1866233051903,929.7460789431628,933.1039598859136,2.559455637972519
213,2.5698851662239184,3.059204570736343,929.7565084714142,933.1039598859136,936.16316445665,3.3474514144993464
214,5.985254549432751,2.7443413327149764,935.741763020847,936.16316445665,938.9075057893649,0.4214014358029772
215,2.6607436124776003,5.64764572123913,938.4025066333246,938.9075057893649,944.555151510604,0.5049991560402987
216,3.277797887114874,5.153097038938646,941.6803045204394,944.555151510604,949.7082485495426,2.874846990164542
217,6.225439835826169,5.825134553332563,947.9057443562656,949.7082485495426,955.5333831028752,1.8025041932770591
218,5.547430293330502,1.6214861174277235,953.4531746495961,955.5333831028752,957.1548692203029,2.080208453279056
219,6.944563873459246,4.654337376018221,960.3977385230554,960.3977385230554,965.0520758990737,0.0
220,5.603290246102404,5.691702284105189,966.0010287691578,966.0010287691578,971.692731053263,0.0
221,4.9781602233483015,1.9061653308283009,970.979188992506,971.692731053263,973.5988963840913,0.7135420607569358
222,1.6557233747966473,1.3324813368338875,972.6349123673026,973.5988963840913,974.9313777209252,0.963984016788686
223,3.5740106214160345,4.705603246450295,976.2089229887187,976.2089229887187,980.914526235169,0.0
224,2.856416573772078,3.8723655658995595,979.0653395624907,980.914526235169,984.7868918010686,1.8491866726782291
225,2.7079275036535853,5.20914388379136,981.7732670661443,984.7868918010686,989.99603568486,3.013624734924292
226,7.811073883267119,1.6988618831314475,989.5843409494114,989.99603568486,991.6948975679915,0.4116947354485774
227,3.751684072667323,4.976336559299451,993.3360250220787,993.3360250220787,998.3123615813781,0.0
228,7.244325886239793,2.0081366002387226,1000.5803509083186,1000.5803509083186,1002.5884875085573,0.0
229,5.41797038198084,1.8182797143285225,1005.9983212902994,1005.9983212902994,1007.8166010046278,0.0
230,6.563679124791539,1.8213289896549647,1012.5620004150909,1012.5620004150909,1014.3833294047458,0.0
231,4.518459651736345,5.07287360115691,1017.0804600668272,1017.0804600668272,1022.153333667984,0.0
232,5.038327192384513,4.325986103481,1022.1187872592117,1022.153333667984,1026.479319771465,0.03454640877237125
233,4.447623856732047,3.6153271238455966,1026.5664111159438,1026.5664111159438,1030.1817382397894,0.0
234,2.3667009145863114,2.7941524206175123,1028.93311203053,1030.1817382397894,1032.975890660407,1.2486262092593279
235,6.057164806830537,5.386002704065541,1034.9902768373606,1034.9902768373606,1040.3762795414261,0.0
236,2.9654065370859906,2.962225537113177,1037.9556833744466,1040.3762795414261,1043.3385050785394,2.4205961669795215
237,1.1702117650201769,5.082997197357885,1039.1258951394668,1043.3385050785394,1048.4215022758972,4.212609939072536
238,5.518306071350175,3.195674542851092,1044.644201210817,1048.4215022758972,1051.6171768187482,3.7773010650801098
239,2.239774755849343,2.884722147124538,1046.8839759666664,1051.6171768187482,1054.501898965873,4.733200852081836
240,7.5832100904704,3.313398928348032,1054.4671860571368,1054.501898965873,1057.815297894221,0.03471290873608268
241,7.677500039018112,2.5068893708207103,1062.1446860961548,1062.1446860961548,1064.6515754669756,0.0
242,7.40405073154314,4.738046900881256,1069.548736827698,1069.548736827698,1074.2867837285792,0.0
243,3.591110901788111,3.513601950462396,1073.139847729486,1074.2867837285792,1077.8003856790415,1.1469359990931025
244,1.108196315702072,2.1610634757340863,1074.2480440451882,1077.8003856790415,1079.9614491547757,3.5523416338533025
245,7.498229938114077,5.497872866372842,1081.7462739833022,1081.7462739833022,1087.244146849675,0.0
246,3.9972890382212003,2.919456106866057,1085.7435630215234,1087.244146849675,1090.1636029565411,1.500583828151548
247,7.766583733305687,3.717764305569943,1093.510146754829,1093.510146754829,1097.227911060399,0.0
248,7.74533983962477,5.532360554822735,1101.255486594454,1101.255486594454,1106.7878471492768,0.0
249,6.971066188271521,4.1211899795699605,1108.2265527827255,1108.2265527827255,1112.3477427622954,0.0
250,3.0611422444870997,1.5844902035418205,1111.2876950272127,1112.3477427622954,1113.9322329658373,1.0600477350826623
251,3.6956841002134766,5.699160618067376,1114.9833791274261,1114.9833791274261,1120.6825397454936,0.0
252,6.9579567006179985,4.138540265357089,1121.9413358280442,1121.9413358280442,1126.0798760934013,0.0
253,3.2184540360939438,2.6745280732854306,1125.1597898641382,1126.0798760934013,1128.7544041666868,0.9200862292630063
254,2.1864492268026474,1.6963603633169364,1127.3462390909408,1128.7544041666868,1130.4507645300037,1.4081650757459556
255,4.897608837208451,4.97012594635148,1132.2438479281493,1132.2438479281493,1137.2139738745009,0.0
256,7.553083419125467,4.100363779642567,1139.7969313472747,1139.7969313472747,1143.8972951269172,0.0
257,5.872208576724811,3.6673054598816077,1145.6691399239996,1145.6691399239996,1149.3364453838813,0.0
258,4.990428190625555,5.4694629152547884,1150.6595681146252,1150.6595681146252,1156.12903102988,0.0
259,1.6802354563953799,4.9429860561226535,1152.3398035710206,1156.12903102988,1161.0720170860027,3.7892274588593864
260,5.305050586894188,1.7583743986637559,1157.6448541579148,1161.0720170860027,1162.8303914846665,3.4271629280879097
261,7.930376950729843,2.5586103389777413,1165.5752311086446,1165.5752311086446,1168.1338414476224,0.0
262,1.9805881066556683,2.242445699072329,1167.5558192153003,1168.1338414476224,1170.3762871466947,0.5780222323221551
263,4.628307566546157,4.719731462863384,1172.1841267818465,1172.1841267818465,1176.90385824471,0.0
264,7.141611503495688,1.167662173678897,1179.3257382853421,1179.3257382853421,1180.4934004590211,0.0
265,6.185380324279431,3.8494484243565825,1185.5111186096215,1185.5111186096215,1189.360567033978,0.0
266,5.879110186966876,4.812293428703453,1191.3902287965884,1191.3902287965884,1196.202522225292,0.0
267,5.917388587909765,5.383828183808747,1197.3076173844981,1197.3076173844981,1202.6914455683068,0.0
268,3.516438058538286,2.710408743579537,1200.8240554430365,1202.6914455683068,1205.4018543118864,1.8673901252702763
269,3.0551429098514538,5.1062865233600645,1203.879198352888,1205.4018543118864,1210.5081408352464,1.5226559589984845
270,6.665528088349595,1.5531586847760361,1210.5447264412376,1210.5447264412376,1212.0978851260136,0.0
271,6.670793762754265,5.232261458672591,1217.215520203992,1217.215520203992,1222.4477816626645,0.0
272,7.069506230060726,1.637443311659912,1224.2850264340527,1224.2850264340527,1225.9224697457125,0.0
273,7.392683867895299,2.9864364528018363,1231.677710301948,1231.677710301948,1234.66414675475,0.0
274,4.579396792026564,4.986476828897768,1236.2571070939746,1236.2571070939746,1241.2435839228724,0.0
275,4.510614062810397,1.749587136743869,1240.767721156785,1241.2435839228724,1242.9931710596163,0.47586276608740263
276,6.588066252767426,2.1462569761632073,1247.3557874095525,1247.3557874095525,1249.5020443857156,0.0
277,5.549747515444356,4.611262841965331,1252.9055349249968,1252.9055349249968,1257.516797766962,0.0
278,5.913768140803923,4.600182682730372,1258.8193030658008,1258.8193030658008,1263.419485748531,0.0
279,6.570548686052708,4.205738164426487,1265.3898517518535,1265.3898517518535,1269.59558991628,0.0
280,7.230037392722964,4.4697422223355,1272.6198891445765,1272.6198891445765,1277.089631366912,0.0
281,3.365966097960751,3.713622216737981,1275.9858552425374,1277.089631366912,1280.80325358365,1.10377612437469
282,3.629080668479608,2.2589952945347638,1279.614935911017,1280.80325358365,1283.0622488781848,1.1883176726330476
283,1.657873578886083,2.728479967519597,1281.272809489903,1283.0622488781848,1285.7907288457045,1.789439388281835
284,5.047960986973218,1.9079885840071285,1286.3207704768763,1286.3207704768763,1288.2287590608835,0.0
285,1.2515959165771946,5.542252806668142,1287.5723663934534,1288.2287590608835,1293.7710118675516,0.6563926674300546
286,4.259186126927221,3.916958973830602,1291.8315525203807,1293.7710118675516,1297.6879708413821,1.9394593471708959
287,4.798512442953037,3.0042570838181994,1296.6300649633338,1297.6879708413821,1300.6922279252003,1.0579058780483592
288,3.005788764897991,3.3100290182206633,1299.6358537282317,1300.6922279252003,1304.002256943421,1.0563741969685907
289,5.135832823983075,5.7364166980590765,1304.7716865522148,1304.7716865522148,1310.5081032502737,0.0
290,1.213501749573346,1.766757015580401,1305.9851883017882,1310.5081032502737,1312.2748602658542,4.52291494848555
291,1.261437321244501,3.931149160083986,1307.2466256230327,1312.2748602658542,1316.2060094259382,5.028234642821417
292,6.758203924617607,3.52944339442233,1314.0048295476504,1316.2060094259382,1319.7354528203605,2.201179878287803
293,3.52133448987884,4.05727117717324,1317.5261640375293,1319.7354528203605,1323.7927239975338,2.2092887828312087
294,1.8894235885631936,1.0905509191042024,1319.4155876260925,1323.7927239975338,1324.883274916638,4.377136371441338
295,4.655702820383631,5.360619544720757,1324.071290446476,1324.883274916638,1330.2438944613587,0.8119844701618604
296,6.389954871690276,5.660591412418062,1330.4612453181662,1330.4612453181662,1336.1218367305844,0.0
297,2.5107471924779023,3.825665917946045,1332.9719925106442,1336.1218367305844,1339.9475026485304,3.149844219940178
298,5.360233330733002,4.483254119384461,1338.3322258413773,1339.9475026485304,1344.4307567679148,1.6152768071531227
299,1.597432254956376,5.612496905886479,1339.9296580963337,1344.4307567679148,1350.0432536738012,4.501098671581076
300,1.3617720481802538,4.5361931715669925,1341.291430144514,1350.0432536738012,1354.5794468453682,8.751823529287321
301,4.719482420977036,1.7626952145713068,1346.010912565491,1354.5794468453682,1356.3421420599395,8.568534279877213
302,4.784445851270746,3.881441800834066,1350.7953584167617,1356.3421420599395,1360.2235838607735,5.546783643177832
303,5.462009310487446,4.03357523191428,1356.2573677272492,1360.2235838607735,1364.2571590926877,3.9662161335243127
304,6.082639336058631,3.12065335651193,1362.340007063308,1364.2571590926877,1367.3778124491996,1.9171520293798494
305,7.830964556237742,4.682221178123614,1370.1709716195455,1370.1709716195455,1374.8531927976692,0.0
306,4.614102438108367,5.671835073845074,1374.785074057654,1374.8531927976692,1380.5250278715143,0.0681187400152794
307,3.260695310588722,5.627842564533882,1378.0457693682426,1380.5250278715143,1386.1528704360483,2.4792585032716943
308,6.566303363380926,3.2541968570206605,1384.6120727316236,1386.1528704360483,1389.4070672930688,1.5407977044246763
309,2.8958257588345195,1.5661902292037762,1387.507898490458,1389.4070672930688,1390.9732575222727,1.8991688026108022
310,4.072799944939453,5.924205994811673,1391.5806984353976,1391.5806984353976,1397.5049044302093,0.0
311,1.5491946693958618,5.194490432229671,1393.1298931047934,1397.5049044302093,1402.699394862439,4.375011325415926
312,1.1774552039082025,1.6233134060163343,1394.3073483087016,1402.699394862439,1404.3227082684552,8.392046553737373
313,7.738538902745475,5.604209413086862,1402.045887211447,1404.3227082684552,1409.9269176815421,2.276821057008192
314,6.851860843585441,5.349481810310642,1408.8977480550325,1409.9269176815421,1415.2763994918528,1.0291696265096562
315,5.871819442655886,3.5941902856303605,1414.7695674976883,1415.2763994918528,1418.870589777483,0.5068319941644859
316,3.8626706108998894,3.9563771787246464,1418.6322381085881,1418.870589777483,1422.8269669562076,0.238351668894893
317,2.2130602404959205,2.9950135193506515,1420.845298349084,1422.8269669562076,1425.8219804755581,1.981668607123538
318,2.095059298697602,1.2738081941101567,1422.9403576477816,1425.8219804755581,1427.0957886696683,2.881622827776482
319,2.7517002871521674,2.6759862082295047,1425.6920579349337,1427.0957886696683,1429.7717748778978,1.4037307347346086
320,4.844586652942843,5.014267242990057,1430.5366445878765,1430.5366445878765,1435.5509118308664,0.0
321,6.0021714589004365,1.0231601150230143,1436.538816046777,1436.538816046777,1437.5619761618,0.0
322,5.621381637024119,2.667495858455721,1442.160197683801,1442.160197683801,1444.8276935422568,0.0
323,2.9595372786215997,2.9908434679547167,1445.1197349624226,1445.1197349624226,1448.1105784303772,0.0
324,7.684056964642359,3.6869780146896143,1452.803791927065,1452.803791927065,1456.4907699417547,0.0
325,6.16527841687038,5.599278082063803,1458.9690703439355,1458.9690703439355,1464.5683484259994,0.0
326,4.880478367579805,2.7317299718298065,1463.8495487115154,1464.5683484259994,1467.300078397829,0.718799714484021
327,5.282045223640465,2.7347660094811386,1469.1315939351557,1469.1315939351557,1471.8663599446368,0.0
328,3.9372004369945293,4.687506240548742,1473.0687943721503,1473.0687943721503,1477.756300612699,0.0
329,2.7341169265081025,3.2610897044490357,1475.8029112986583,1477.756300612699,1481.017390317148,1.9533893140408054
330,3.491808750558831,2.12302411469991,1479.2947200492172,1481.017390317148,1483.140414431848,1.72267026793088
331,6.304922773250584,3.262197580663467,1485.5996428224678,1485.5996428224678,1488.8618404031313,0.0
332,1.100754420408291,1.7042851018989993,1486.700397242876,1488.8618404031313,1490.5661255050302,2.161443160255203
333,1.8125084835484135,1.8819349325311165,1488.5129057264246,1490.5661255050302,1492.4480604375613,2.0532197786055804
334,1.3220184941522692,3.4918388636973985,1489.8349242205768,1492.4480604375613,1495.9398993012587,2.613136216984458
335,1.285101616232791,3.0946272475227397,1491.1200258368096,1495.9398993012587,1499.0345265487815,4.819873464449074
336,6.98822408807705,5.5742295053405,1498.1082499248866,1499.0345265487815,1504.608756054122,0.9262766238948643
337,5.925605015660166,2.8119694955831656,1504.033854940547,1504.608756054122,1507.4207255497051,0.5749011135751516
338,4.319216803611276,3.9029417513902174,1508.3530717441581,1508.3530717441581,1512.2560134955484,0.0
339,1.6848391245570102,4.161321439597652,1510.037910868715,1512.2560134955484,1516.417334935146,2.2181026268333426
340,4.441311125817826,1.065472282941668,1514.4792219945327,1516.417334935146,1517.4828072180878,1.9381129406133368
341,4.31430239546396,4.317686860083553,1518.7935243899967,1518.7935243899967,1523.1112112500803,0.0
342,2.212413089370106,1.890179834348757,1521.0059374793668,1523.1112112500803,1525.001391084429,2.1052737707134384
343,4.036961544665811,5.805351587347276,1525.0428990240325,1525.0428990240325,1530.8482506113799,0.0
344,3.789533140781614,1.7433136387655648,1528.8324321648142,1530.8482506113799,1532.5915642501454,2.0158184465656177
345,5.310950686365516,3.0731206186351185,1534.1433828511797,1534.1433828511797,1537.2165034698148,0.0
346,5.445655556073507,1.4267483403932193,1539.5890384072532,1539.5890384072532,1541.0157867476464,0.0
347,1.3171280684043116,5.984371259229737,1540.9061664756575,1541.0157867476464,1547.000158006876,0.10962027198888791
348,3.6222883023852983,3.510975051656213,1544.5284547780427,1547.000158006876,1550.5111330585323,2.4717032288333485
349,5.381019409999655,3.976925086600219,1549.9094741880424,1550.5111330585323,1554.4880581451325,0.6016588704899277
350,4.521953810060614,1.3353823869421375,1554.4314279981031,1554.4880581451325,1555.8234405320748,0.05663014702940927
351,6.995428888318256,4.749802351995889,1561.4268568864213,1561.4268568864213,1566.1766592384172,0.0
352,5.610855421332615,2.049527965477929,1567.037712307754,1567.037712307754,1569.0872402732318,0.0
353,2.140540989570008,5.490271447203568,1569.1782532973239,1569.1782532973239,1574.6685247445275,0.0
354,1.493981231803009,2.0256982024100356,1570.6722345291269,1574.6685247445275,1576.6942229469375,3.996290215400677
355,5.49693494744421,1.9534386033183329,1576.1691694765711,1576.6942229469375,1578.6476615502559,0.5250534703664016
356,1.1855791737913526,1.1827483392404745,1577.3547486503626,1578.6476615502559,1579.8304098894964,1.292912899893281
357,5.100429068914243,3.360334725549996,1582.455177719277,1582.455177719277,1585.815512444827,0.0
358,7.581611689974703,3.824205666313082,1590.0367894092517,1590.0367894092517,1593.8609950755647,0.0
359,5.0283192451311525,1.3285431971417618,1595.0651086543828,1595.0651086543828,1596.3936518515245,0.0
360,3.7171894834456536,4.877638083475053,1598.7822981378285,1598.7822981378285,1603.6599362213035,0.0
361,5.503017529096472,3.266444173740138,1604.285315666925,1604.285315666925,1607.5517598406652,0.0
362,4.207770233440616,3.6219513466379003,1608.4930859003657,1608.4930859003657,1612.1150372470036,0.0
363,4.819317525211544,3.2038137346911406,1613.3124034255773,1613.3124034255773,1616.5162171602683,0.0
364,7.590253661435677,3.00381530437663,1620.902657087013,1620.902657087013,1623.9064723913896,0.0
365,3.70271846460542,3.7982016565410897,1624.6053755516184,1624.6053755516184,1628.4035772081595,0.0
366,7.7283339467674,1.7762012296535625,1632.3337094983858,1632.3337094983858,1634.1099107280393,0.0
367,7.337454493692446,1.9096406524763556,1639.6711639920782,1639.6711639920782,1641.5808046445545,0.0
368,2.370537943525075,5.3089281050675865,1642.0417019356032,1642.0417019356032,1647.3506300406707,0.0
369,1.4855291061261582,5.7305773106681634,1643.5272310417295,1647.3506300406707,1653.081207351339,3.8233989989412294
370,1.7054460096419866,2.8665465813987647,1645.2326770513714,1653.081207351339,1655.9477539327377,7.848530299967479
371,1.127552779560848,2.353723365717769,1646.3602298309322,1655.9477539327377,1658.3014772984554,9.587524101805457
372,1.6611007252914987,4.219997716195079,1648.0213305562238,1658.3014772984554,1662.5214750146506,10.280146742231636
373,5.781047413914498,3.043670855490482,1653.8023779701382,1662.5214750146506,1665.5651458701411,8.71909704451241
374,1.498320539221603,1.1269317783017243,1655.3006985093598,1665.5651458701411,1666.6920776484428,10.264447360781332
375,3.2328294120563292,1.7807629868309518,1658.5335279214162,1666.6920776484428,1668.4728406352738,8.158549727026639
376,6.914127176786182,4.579861144236988,1665.4476550982024,1668.4728406352738,1673.0527017795107,3.0251855370713656
377,1.162903550150781,4.294619709550757,1666.6105586483532,1673.0527017795107,1677.3473214890614,6.442143131157536
378,6.701279378122551,1.1354799625174175,1673.3118380264757,1677.3473214890614,1678.4828014515788,4.0354834625857166
379,2.9729834234137993,2.109860809664747,1676.2848214498895,1678.4828014515788,1680.5926622612435,2.1979800016893023
380,1.8271537933515938,2.155373982940357,1678.111975243241,1680.5926622612435,1682.7480362441838,2.480687018002527
381,5.877160157549055,4.359463717993642,1683.98913540079,1683.98913540079,1688.3485991187836,0.0
382,5.402599927459188,1.0985526887718207,1689.3917353282493,1689.3917353282493,1690.4902880170212,0.0
383,7.14230409468937,1.5205429099228693,1696.5340394229386,1696.5340394229386,1698.0545823328614,0.0
384,6.145497306627201,4.999580426865947,1702.6795367295658,1702.6795367295658,1707.6791171564319,0.0
385,6.62436651269394,1.892723310271668,1709.3039032422598,1709.3039032422598,1711.1966265525316,0.0
386,2.9742420079991456,4.263730539259374,1712.278145250259,1712.278145250259,1716.5418757895184,0.0
387,2.24207680645806,2.1909139052336326,1714.520222056717,1716.5418757895184,1718.732789694752,2.021653732801269
388,6.254303261486008,1.4972069637967258,1720.7745253182031,1720.7745253182031,1722.271732282,0.0
389,6.647843174870848,2.2158609549972703,1727.422368493074,1727.422368493074,1729.6382294480711,0.0
390,7.933535994004713,4.611334659278295,1735.3559044870785,1735.3559044870785,1739.9672391463569,0.0
391,3.8883237383799854,5.278482340531429,1739.2442282254585,1739.9672391463569,1745.2457214868882,0.7230109208983322
392,3.604126600549482,5.151099322834958,1742.848354826008,1745.2457214868882,1750.396820809723,2.3973666608801523
393,6.434890725193978,2.9859176480922742,1749.283245551202,1750.396820809723,1753.3827384578153,1.1135752585209957
394,3.385624781771125,4.340425682853231,1752.6688703329733,1753.3827384578153,1757.7231641406686,0.7138681248420653
395,7.515301279224953,2.024921477079105,1760.1841716121983,1760.1841716121983,1762.2090930892773,0.0
396,7.008889262901082,2.4657386513050663,1767.1930608750993,1767.1930608750993,1769.6587995264044,0.0
397,4.002958191625129,5.4816790926055985,1771.1960190667244,1771.1960190667244,1776.67769815933,0.0
398,6.256097474540482,1.06500961755368,1777.4521165412648,1777.4521165412648,1778.5171261588184,0.0
399,6.281800118592776,1.4275426542723404,1783.7339166598576,1783.7339166598576,1785.16145931413,0.0
400,1.7218670818515283,2.0394312757301365,1785.4557837417092,1785.4557837417092,1787.4952150174393,0.0
401,7.317870346756966,1.1326610193690985,1792.7736540884662,1792.7736540884662,1793.9063151078353,0.0
402,4.536766607135,1.9071771754489866,1797.3104206956011,1797.3104206956011,1799.2175978710502,0.0
403,6.785202262754192,3.915207804848461,1804.0956229583553,1804.0956229583553,1808.0108307632038,0.0
404,3.240347207214282,3.1071227529624896,1807.3359701655695,1808.0108307632038,1811.1179535161664,0.6748605976342787
405,7.268662599473403,5.4633585553848745,1814.6046327650429,1814.6046327650429,1820.0679913204278,0.0
406,3.724411751139142,5.087217808692205,1818.329044516182,1820.0679913204278,1825.15520912912,1.7389468042458702
407,1.0758635603620885,2.70908675848938,1819.404908076544,1825.15520912912,1827.8642958876094,5.750301052576106
408,7.337673834934845,2.2971171671564625,1826.7425819114787,1827.8642958876094,1830.161413054766,1.1217139761306498
409,1.639006737502935,2.8984620408363346,1828.3815886489817,1830.161413054766,1833.0598750956024,1.7798244057842112
410,3.235195463132904,3.9514747125740386,1831.6167841121146,1833.0598750956024,1837.0113498081764,1.4430909834877639
411,7.650433769355635,2.3403182041143813,1839.2672178814703,1839.2672178814703,1841.6075360855846,0.0
412,7.654250028562893,4.1207445392456705,1846.9214679100332,1846.9214679100332,1851.0422124492788,0.0
413,5.014065216863003,3.0470582609562022,1851.9355331268962,1851.9355331268962,1854.9825913878524,0.0
414,5.422860485188595,3.7602359042599014,1857.3583936120847,1857.3583936120847,1861.1186295163445,0.0
415,4.1391186538482385,3.1806326456765834,1861.497512265933,1861.497512265933,1864.6781449116095,0.0
416,3.0524754018864515,2.4723287977095882,1864.5499876678193,1864.6781449116095,1867.1504737093192,0.12815724379015592
417,3.3006518175894115,5.742266534810783,1867.8506394854087,1867.8506394854087,1873.5929060202195,0.0
418,5.707629192539269,4.818028970798804,1873.558268677948,1873.5929060202195,1878.4109349910184,0.03463734227148052
419,6.26662170606376,1.7005658788322626,1879.8248903840117,1879.8248903840117,1881.525456262844,0.0
420,6.54105330608094,5.342339879489564,1886.3659436900928,1886.3659436900928,1891.7082835695824,0.0
421,6.527326999561877,3.437155991247568,1892.8932706896546,1892.8932706896546,1896.3304266809023,0.0
422,1.6384427213408326,5.472761134470457,1894.5317134109955,1896.3304266809023,1901.8031878153727,1.7987132699067843
423,4.4609421329180705,4.999276279736576,1898.9926555439135,1901.8031878153727,1906.8024640951091,2.810532271459124
424,1.40291132011651,3.126067522346167,1900.3955668640301,1906.8024640951091,1909.9285316174553,6.406897231079029
425,4.846702176266149,1.112346541600587,1905.2422690402964,1909.9285316174553,1911.0408781590559,4.686262577158914
426,4.090713509613639,2.3433867969247304,1909.33298254991,1911.0408781590559,1913.3842649559806,1.7078956091459077
427,7.213929279308099,3.7081710733043347,1916.546911829218,1916.546911829218,1920.2550829025224,0.0
428,3.456405087864551,4.167391099130736,1920.0033169170827,1920.2550829025224,1924.4224740016532,0.2517659854397607
429,1.819469114993241,2.2894384271660115,1921.822786032076,1924.4224740016532,1926.7119124288192,2.5996879695771895
430,2.000941774369851,1.6967803703641207,1923.823727806446,1926.7119124288192,1928.4086927991834,2.8881846223732737
431,6.3305744220223055,5.174651183996495,1930.1543022284682,1930.1543022284682,1935.3289534124647,0.0
432,5.327526443213827,5.92201090351776,1935.481828671682,1935.481828671682,1941.4038395751998,0.0
433,1.7078587328595316,3.628450911513429,1937.1896874045415,1941.4038395751998,1945.0322904867132,4.214152170658281
434,1.588747642804982,1.8583964292415174,1938.7784350473464,1945.0322904867132,1946.8906869159548,6.253855439366816
435,5.90678392021384,2.3615366325968448,1944.6852189675603,1946.8906869159548,1949.2522235485517,2.205467948394471
436,1.5093410445493547,1.0919533827373336,1946.1945600121096,1949.2522235485517,1950.344176931289,3.057663536442078
437,6.753020415032493,5.571494032802495,1952.9475804271422,1952.9475804271422,1958.5190744599447,0.0
438,5.943695590095474,1.5887554144507057,1958.8912760172377,1958.8912760172377,1960.4800314316885,0.0
439,1.5694414644932984,3.882582377571268,1960.460717481731,1960.4800314316885,1964.3626138092598,0.01931394995744995
440,1.5938639985963434,2.37027610343603,1962.0545814803274,1964.3626138092598,1966.7328899126958,2.3080323289323132
441,7.906477049508228,3.770890012578967,1969.9610585298358,1969.9610585298358,1973.7319485424148,0.0
442,3.6198955702928424,4.257101941759322,1973.5809541001286,1973.7319485424148,1977.9890504841742,0.15099444228621905
443,3.5944950294682365,5.1487090185360085,1977.1754491295967,1977.9890504841742,1983.1377595027102,0.8136013545774858
444,6.689596970802518,2.032106358803016,1983.8650461003992,1983.8650461003992,1985.8971524592023,0.0
445,7.630740041687011,1.0549791432924023,1991.4957861420862,1991.4957861420862,1992.5507652853787,0.0
446,7.902007446760097,1.6844281503440364,1999.3977935888463,1999.3977935888463,2001.0822217391903,0.0
447,6.273647296812591,5.500093209240525,2005.671440885659,2005.671440885659,2011.1715340948995,0.0
448,3.6338170987164102,5.369450387812576,2009.3052579843754,2011.1715340948995,2016.540984482712,1.8662761105240406
449,1.5845050168906814,3.9870655108515414,2010.8897630012661,2016.540984482712,2020.5280499935636,5.651221481445873
450,6.440028411492057,4.002584302168267,2017.3297914127581,2020.5280499935636,2024.530634295732,3.1982585808054864
451,4.9088297481506356,4.325183372731278,2022.2386211609087,2024.530634295732,2028.8558176684633,2.2920131348232644
452,3.969554064728834,1.876856393117248,2026.2081752256374,2028.8558176684633,2030.7326740615806,2.647642442825827
453,7.344480695663152,5.572059729624799,2033.5526559213006,2033.5526559213006,2039.1247156509253,0.0
454,1.7783823761430595,3.0938526244603657,2035.3310382974437,2039.1247156509253,2042.2185682753857,3.7936773534815984
455,4.448375730036014,2.915692641247487,2039.7794140274798,2042.2185682753857,2045.1342609166331,2.43915424790589
456,1.0794755133719334,3.5945885264141877,2040.8588895408518,2045.1342609166331,2048.7288494430472,4.275371375781333
457,4.280624493958884,1.2348298338752752,2045.1395140348106,2048.7288494430472,2049.9636792769224,3.589335408236593
458,1.3941229297728615,1.831416843780397,2046.5336369645836,2049.9636792769224,2051.795096120703,3.4300423123388555
459,1.8317254138765033,4.690168082131852,2048.3653623784603,2051.795096120703,2056.485264202835,3.429733742242661
460,1.8226837274397343,1.4139933396256323,2050.1880461059,2056.485264202835,2057.8992575424604,6.297218096935012
461,5.544472114812445,4.015760547331941,2055.7325182207123,2057.8992575424604,2061.9150180897923,2.166739321748082
462,6.222314154857963,2.2267455484066048,2061.9548323755703,2061.9548323755703,2064.181577923977,0.0
463,5.083581355680117,2.9464780702098827,2067.0384137312503,2067.0384137312503,2069.9848918014604,0.0
464,7.735207839321793,2.4434686838534994,2074.7736215705722,2074.7736215705722,2077.217090254426,0.0
465,3.6240940566659283,2.7783635823247455,2078.397715627238,2078.397715627238,2081.176079209563,0.0
466,2.999984603973025,4.595229525921227,2081.3977002312113,2081.3977002312113,2085.9929297571325,0.0
467,7.080193897326222,2.485608578115875,2088.4778941285376,2088.4778941285376,2090.9635027066533,0.0
468,2.5651708696361686,3.832023201484486,2091.0430649981736,2091.0430649981736,2094.875088199658,0.0
469,7.742557776084279,3.3802520109954983,2098.7856227742577,2098.7856227742577,2102.1658747852534,0.0
470,1.0850813228287144,4.3183558268132405,2099.870704097086,2102.1658747852534,2106.4842306120668,2.295170688167218
471,7.789151786953473,5.68414869662379,2107.6598558840396,2107.6598558840396,2113.3440045806633,0.0
472,1.3021193836540328,4.662860486051251,2108.9619752676936,2113.3440045806633,2118.0068650667145,4.382029312969735
473,7.238001795886498,2.074701892953784,2116.1999770635803,2118.0068650667145,2120.081566959668,1.8068880031341905
474,4.6939077636040984,1.1559156753064235,2120.893884827184,2120.893884827184,2122.0498005024906,0.0
475,7.950753572835103,2.3113202214991255,2128.8446384000194,2128.8446384000194,2131.1559586215185,0.0
476,1.516575953147792,3.9753896535012743,2130.3612143531673,2131.1559586215185,2135.1313482750197,0.7947442683512236
477,4.876979990809246,1.2571290674212516,2135.2381943439764,2135.2381943439764,2136.4953234113977,0.0
478,7.7851177493336925,3.481831236006182,2143.02331209331,2143.02331209331,2146.505143329316,0.0
479,4.661684909191042,3.984214244584446,2147.684997002501,2147.684997002501,2151.6692112470855,0.0
480,5.405790466946838,2.671219454084804,2153.0907874694476,2153.0907874694476,2155.762006923532,0.0
481,5.87024082289232,4.854561018729109,2158.96102829234,2158.96102829234,2163.8155893110693,0.0
482,4.181787453374413,1.532991265668859,2163.1428157457144,2163.8155893110693,2165.348580576738,0.6727735653548734
483,5.392906560588444,1.3756889086790438,2168.535722306303,2168.535722306303,2169.911411214982,0.0
484,5.090200183461702,4.6409437810180165,2173.6259224897644,2173.6259224897644,2178.2668662707824,0.0
485,7.308106073436923,3.4774565810309923,2180.9340285632015,2180.9340285632015,2184.4114851442328,0.0
486,1.318124662390205,4.4420119821386805,2182.252153225592,2184.4114851442328,2188.8534971263716,2.1593319186408735
487,2.9667423271456124,3.174136693018731,2185.2188955527376,2188.8534971263716,2192.0276338193903,3.6346015736339723
488,7.652880388535911,2.232010166195534,2192.8717759412734,2192.8717759412734,2195.1037861074687,0.0
489,7.231846487236414,5.095511588370998,2200.10362242851,2200.10362242851,2205.199134016881,0.0
490,4.18959726949999,4.997079394844896,2204.29321969801,2205.199134016881,2210.196213411726,0.905914318871055
491,5.340928184610757,4.473482354272134,2209.6341478826207,2210.196213411726,2214.6696957659983,0.562065529105439
492,2.941668280867929,2.3607256861498134,2212.5758161634885,2214.6696957659983,2217.030421452148,2.093879602509787
493,2.3168481180663294,3.9511533343454355,2214.892664281555,2217.030421452148,2220.981574786493,2.1377571705929768
494,4.245888834579875,2.804869484700134,2219.138553116135,2220.981574786493,2223.7864442711934,1.8430216703582118
495,3.4734655961823697,1.4579103666331708,2222.6120187123174,2223.7864442711934,2225.2443546378267,1.1744255588760097
496,5.0855927829561045,5.586567877311214,2227.6976114952736,2227.6976114952736,2233.2841793725847,0.0
497,1.544142458754894,1.684093154594807,2229.2417539540284,2233.2841793725847,2234.9682725271796,4.042425418556377
498,7.820763653663166,5.751186769104012,2237.0625176076915,2237.0625176076915,2242.8137043767956,0.0
499,7.90347521135722,3.230028864789779,2244.9659928190486,2244.9659928190486,2248.1960216838384,0.0
